stop_id,stop_name,route_id,n_departures,mean_headway,geometry
10132,Southbound Vaughan at Portage,BLUE,134,322,"c(-97.1498221335082, 49.891529842296)"
10134,Southbound Vaughan at Graham (The Bay),BLUE,134,322,"c(-97.1493646863917, 49.8907489587995)"
10611,Eastbound Graham at Fort (Wpg Square),BLUE,134,322,"c(-97.1389651327036, 49.8928939605613)"
10615,Eastbound Graham at Smith,BLUE,134,322,"c(-97.1415215219745, 49.8923143729577)"
10616,Eastbound Graham at Hargrave,BLUE,134,322,"c(-97.1441345452964, 49.8917086518378)"
10618,Eastbound Graham at Edmonton (RWB),BLUE,134,322,"c(-97.1467325568193, 49.8911296165296)"
10639,Southbound Main at St. Mary,BLUE,134,322,"c(-97.1364347461512, 49.8913510839737)"
10641,Southbound Main at Broadway (Union Station),BLUE,134,322,"c(-97.1347440192245, 49.8882565476378)"
11031,Southbound Southwest Transitway at Fort Rouge Station,BLUE,134,322,"c(-97.1457723432188, 49.8624110649618)"
11033,Southbound Southwest Transitway at Jubilee Station,BLUE,134,322,"c(-97.1503147451873, 49.8556924745347)"
61203,Southbound Southwest Transitway at Beaumont Station,BLUE,134,322,"c(-97.1662493979797, 49.8485970723499)"
61205,Southbound Southwest Transitway at Seel Station,BLUE,134,322,"c(-97.168701139055, 49.8422493957147)"
61207,Southbound Southwest Transitway at Clarence Station,BLUE,134,322,"c(-97.161793207969, 49.833684504734)"
10159,Southbound Queen Elizabeth at Stradbrook,BLUE,133,325,"c(-97.1320857490975, 49.8839050593692)"
10831,Northbound Balmoral at Balmoral Station (BLUE),BLUE,133,325,"c(-97.1524958469965, 49.8915185733863)"
10838,Northbound Balmoral at Ellice,BLUE,133,325,"c(-97.1524682233506, 49.892606529192)"
11027,Southbound Southwest Transitway at Harkness Station,BLUE,133,325,"c(-97.1354506707884, 49.8807570744673)"
11029,Southbound Southwest Transitway at Osborne Station,BLUE,133,325,"c(-97.1410970220562, 49.8732830550562)"
61209,Southbound Southwest Transitway at Chevrier Station,BLUE,133,325,"c(-97.1587352109504, 49.8299838827748)"
61211,Southbound Southwest Transitway at Plaza Station,BLUE,133,325,"c(-97.156207822747, 49.821848048895)"
61213,Southbound Southwest Transitway at Chancellor Station,BLUE,133,325,"c(-97.1569981565993, 49.8138549880197)"
10831,Northbound Balmoral at Balmoral Station (BLUE),BLUE,118,366,"c(-97.1524958469965, 49.8915185733863)"
10545,Westbound Portage at Colony,BLUE,117,369,"c(-97.1505445058762, 49.8912085696212)"
10617,Westbound Graham at Edmonton (RWB),BLUE,117,369,"c(-97.1464477190167, 49.8912959615501)"
10619,Westbound Graham at Vaughan (The Bay),BLUE,117,369,"c(-97.1490046259873, 49.8906982270866)"
10157,Eastbound Mayfair at Queen Elizabeth,BLUE,116,372,"c(-97.1331202124249, 49.8845154204047)"
10612,Westbound Graham at Garry (Wpg Square),BLUE,116,372,"c(-97.1397902750134, 49.8927992825583)"
10614,Westbound Graham at Donald (Canada Life Centre),BLUE,116,372,"c(-97.1424729202096, 49.8921947176353)"
10624,Northbound Main at Assiniboine,BLUE,116,372,"c(-97.1334895269339, 49.886851091144)"
10625,Northbound Main at Broadway (Union Station),BLUE,116,372,"c(-97.1348586067014, 49.8892568426911)"
11028,Northbound Southwest Transitway at Harkness Station,BLUE,116,372,"c(-97.1349015350505, 49.8809191335515)"
11030,Northbound Southwest Transitway at Osborne Station,BLUE,116,372,"c(-97.1407239809596, 49.8735739001523)"
11032,Northbound Southwest Transitway at Fort Rouge Station,BLUE,116,372,"c(-97.14509636033, 49.8629849125128)"
11034,Northbound Southwest Transitway at Jubilee Station,BLUE,116,372,"c(-97.1496854327938, 49.8561411638201)"
61202,Northbound Southwest Transitway at Beaumont Station,BLUE,115,376,"c(-97.1654375989569, 49.8487281282694)"
61204,Northbound Southwest Transitway at Seel Station,BLUE,115,376,"c(-97.169197789099, 49.8430937947538)"
61206,Northbound Southwest Transitway at Clarence Station,BLUE,115,376,"c(-97.1622767769082, 49.8345017426008)"
61208,Northbound Southwest Transitway at Chevrier Station,BLUE,115,376,"c(-97.1589791197448, 49.8305184739466)"
61210,Northbound Southwest Transitway at Plaza Station,BLUE,115,376,"c(-97.1560073651287, 49.8223665709738)"
61212,Northbound Southwest Transitway at Chancellor Station,BLUE,115,376,"c(-97.1567092689269, 49.815604434414)"
10628,Northbound Main at McDermot,21,85,508,"c(-97.1385990236253, 49.8969808091659)"
10629,Northbound Main at James (Concert Hall),21,85,508,"c(-97.1378182161232, 49.8999006275648)"
10565,Eastbound Portage at Craig,21,84,514,"c(-97.1898931906784, 49.8822328443376)"
10579,Eastbound Portage at Balmoral (U of Winnipeg),21,84,514,"c(-97.153099267864, 49.8899360842346)"
10580,Eastbound Portage at Vaughan (The Bay),21,84,514,"c(-97.1496953620316, 49.8912039955087)"
10581,Eastbound Portage at Edmonton (Portage Place),21,84,514,"c(-97.1475757966116, 49.8920156297992)"
10582,Eastbound Portage at Donald (Canada Life Centre),21,84,514,"c(-97.1435788807498, 49.8934897514105)"
10583,Eastbound Portage at Fort,21,84,514,"c(-97.1400478565572, 49.8947913212515)"
10800,Eastbound Pacific at Martha,21,84,514,"c(-97.1357412103694, 49.900676750606)"
10562,Eastbound Portage at Tylehurst (Polo Park),21,83,520,"c(-97.1995667547574, 49.8803958016775)"
10573,Eastbound Portage at Arlington,21,83,520,"c(-97.1695611974742, 49.8853852169036)"
10576,Eastbound Portage at Maryland,21,83,520,"c(-97.1606431976751, 49.8877984462389)"
10577,Eastbound Portage at Sherbrook,21,83,520,"c(-97.1584768584487, 49.8883846611153)"
20270,Eastbound Portage at Olive,21,83,520,"c(-97.2561900142342, 49.8750830025752)"
20272,Eastbound Portage at Whytewold,21,83,520,"c(-97.2548073233072, 49.8752150821217)"
20273,Eastbound Portage at Vernon,21,83,520,"c(-97.2529629672861, 49.8754121391035)"
20274,Eastbound Portage at Strathmillan,21,83,520,"c(-97.2507161513359, 49.8755761015219)"
20281,Eastbound Portage at Deer Lodge,21,83,520,"c(-97.2273401851993, 49.8780359596222)"
20282,Eastbound Portage at Albany,21,83,520,"c(-97.2258543572561, 49.8783190282863)"
20283,Eastbound Portage at Amherst,21,83,520,"c(-97.2228865621538, 49.8783994391417)"
20284,Eastbound Portage at Rutland,21,83,520,"c(-97.2208945566411, 49.8784408036259)"
20285,Eastbound Portage at Ferry,21,83,520,"c(-97.2190976421952, 49.87847614007)"
20286,Eastbound Portage at Roseberry,21,83,520,"c(-97.2165902395138, 49.8785274906277)"
20287,Eastbound Portage at Riveroaks,21,83,520,"c(-97.2141103244815, 49.8785882057618)"
20288,Eastbound Portage at Cavell,21,83,520,"c(-97.2118258315613, 49.8786338963794)"
20289,Eastbound Portage at King Edward,21,83,520,"c(-97.2093130958191, 49.8788289262988)"
20290,Eastbound Portage at Garden,21,83,520,"c(-97.2069086374995, 49.8791065336135)"
20291,Eastbound Portage at Kintyre,21,83,520,"c(-97.2036862600558, 49.8796682370459)"
20262,Eastbound Portage at Sturgeon,21,82,527,"c(-97.2786457160217, 49.8792418953401)"
20263,Eastbound Portage at Oakdean,21,82,527,"c(-97.276465502678, 49.8787057448564)"
20264,Eastbound Portage at Woodhaven,21,82,527,"c(-97.2729746095716, 49.8778441818897)"
20265,Eastbound Portage at Old Mill,21,82,527,"c(-97.270517254402, 49.8772767992744)"
20266,Eastbound Portage at Windham,21,82,527,"c(-97.2662846964424, 49.8761430983039)"
20268,Eastbound Portage at Ainslie,21,82,527,"c(-97.2614599805926, 49.8748384414141)"
20269,Eastbound Portage at Rita,21,82,527,"c(-97.2577545104132, 49.8749266577156)"
20275,Eastbound Portage at Mount Royal West,21,82,527,"c(-97.2488329601999, 49.8756915512516)"
20276,Eastbound Portage at Mount Royal,21,82,527,"c(-97.245637559732, 49.8759130225516)"
20277,Eastbound Portage at Conway,21,82,527,"c(-97.2412780370898, 49.8763775807663)"
20278,Eastbound Portage at Sharp,21,82,527,"c(-97.2384125058261, 49.8767118026172)"
20279,Eastbound Portage at Woodlawn (Deer Lodge Centre),21,82,527,"c(-97.234752351392, 49.8770788148505)"
20418,Eastbound Portage at Overdale (Assiniboine Park),21,82,527,"c(-97.2311907240756, 49.8770334481041)"
60026,Southbound Pembina at De Vos,BLUE,78,554,"c(-97.156969748128, 49.7794661025086)"
60058,Southbound Pembina at Cloutier South,BLUE,78,554,"c(-97.1566118316012, 49.7735235864628)"
60118,Southbound Pembina at Dartmouth (Victoria Hospital),BLUE,78,554,"c(-97.1552467070264, 49.8065410262425)"
60122,Eastbound Markham at Pembina,BLUE,78,554,"c(-97.1546104055026, 49.8086537302609)"
61217,Southbound Southwest Transitway at Markham Station,BLUE,78,554,"c(-97.1575334497144, 49.8081785951589)"
62007,Southbound Pembina at Grandmont,BLUE,78,554,"c(-97.1569426157886, 49.7710281976531)"
10545,Westbound Portage at Colony,21,77,561,"c(-97.1505445058762, 49.8912085696212)"
10546,Westbound Portage at Spence (U of W),21,77,561,"c(-97.1538350169732, 49.8899927951653)"
10561,Westbound Portage at Tylehurst (Polo Park),21,77,561,"c(-97.1991475849058, 49.8808120464002)"
20200,Westbound Portage at Century,21,77,561,"c(-97.2040525402192, 49.8799257795556)"
20201,Westbound Portage at Queen,21,77,561,"c(-97.2075422512777, 49.87928725051)"
20205,Westbound Portage at Berry,21,77,561,"c(-97.211228586935, 49.8789754739748)"
20206,Westbound Portage at Marjorie,21,77,561,"c(-97.2144210061553, 49.8788448575017)"
20207,Westbound Portage at Collegiate,21,77,561,"c(-97.2175693580343, 49.8787764391779)"
20208,Westbound Portage at Inglewood,21,77,561,"c(-97.2196031138393, 49.8787357740842)"
20209,Westbound Portage at Amherst,21,77,561,"c(-97.2223195316657, 49.8786785727551)"
20210,Westbound Portage at Albany,21,77,561,"c(-97.2252300494983, 49.8786422732065)"
20219,Westbound Portage at Traill,21,77,561,"c(-97.2486688804897, 49.8759948977933)"
20220,Westbound Portage at Strathmillan,21,77,561,"c(-97.2511667713329, 49.875816778127)"
20221,Westbound Portage at Whytewold,21,77,561,"c(-97.2545594921053, 49.8755261693284)"
20222,Westbound Portage at Rita,21,77,561,"c(-97.2586380171975, 49.8751288438536)"
20223,Westbound Portage at Moray,21,77,561,"c(-97.2626602654768, 49.8755220853053)"
20224,Westbound Portage at Aldine,21,77,561,"c(-97.2646337636455, 49.8759924351641)"
20225,Westbound Portage at Thompson,21,77,561,"c(-97.2665775465561, 49.876516275837)"
20226,Westbound Portage at Harcourt,21,77,561,"c(-97.2695554215166, 49.8773163971498)"
20227,Westbound Portage at Ronald,21,77,561,"c(-97.2721341226719, 49.8779935504917)"
60028,Southbound Pembina at Bairdmore South,BLUE,77,561,"c(-97.1570813252274, 49.7812849035564)"
60030,Southbound Pembina at Newdale,BLUE,77,561,"c(-97.1572694281535, 49.784382235781)"
60033,Southbound Pembina at Newdale North,BLUE,77,561,"c(-97.1573715724596, 49.7860839477582)"
60034,Southbound Pembina at Kirkbridge,BLUE,77,561,"c(-97.1575000281281, 49.7881908601719)"
60065,Southbound Pembina at Greencrest,BLUE,77,561,"c(-97.1576624890875, 49.7923312171691)"
60067,Southbound Pembina at Bairdmore,BLUE,77,561,"c(-97.1576281748887, 49.7939677876287)"
60092,Southbound Pembina at Fairfield,BLUE,77,561,"c(-97.1574404812951, 49.797814720266)"
60099,Southbound Pembina at Bison,BLUE,77,561,"c(-97.1573087518656, 49.8012847460115)"
60115,Southbound Pembina at Bison North,BLUE,77,561,"c(-97.1569426629228, 49.803239854575)"
60736,Southbound Pembina at Bairdmore North,BLUE,77,561,"c(-97.15753080105, 49.795801246649)"
60746,Southbound Pembina at Station,BLUE,77,561,"c(-97.1552048370745, 49.7666828095962)"
60805,Southbound Pembina at Ducharme,BLUE,77,561,"c(-97.1564562719325, 49.7681060091937)"
62004,Northbound Pembina at De La Digue,BLUE,77,561,"c(-97.1546628688193, 49.7666921555216)"
62042,Southbound Pembina at Lemay,BLUE,77,561,"c(-97.1537264165747, 49.765022098197)"
10541,Westbound Portage at Garry,21,76,568,"c(-97.1408998243643, 49.8947240512564)"
10542,Westbound Portage at Donald (Canada Life Centre),21,76,568,"c(-97.1432300757696, 49.8938709431958)"
10543,Westbound Portage at Edmonton (Portage Place),21,76,568,"c(-97.1470294682105, 49.8924656322217)"
10548,Westbound Portage at Sherbrook,21,76,568,"c(-97.1588314392759, 49.8885791963869)"
10549,Westbound Portage at Maryland,21,76,568,"c(-97.1612506250169, 49.8879340261636)"
10552,Westbound Portage at Burnell,21,76,568,"c(-97.170871420863, 49.885342961467)"
10558,Westbound Portage at Valour,21,76,568,"c(-97.1890694476763, 49.882669711194)"
10637,Southbound Main at Lombard,21,76,568,"c(-97.1388667305659, 49.8961755616089)"
10719,Westbound Market at Main (Concert Hall),21,76,568,"c(-97.1374593456601, 49.8990942979297)"
10800,Eastbound Pacific at Martha,21,76,568,"c(-97.1357412103694, 49.900676750606)"
20211,Westbound Portage at Linwood,21,76,568,"c(-97.2278340897753, 49.8782324155339)"
20212,Westbound Portage at Overdale (Assiniboine Park),21,76,568,"c(-97.230759256035, 49.8774136387275)"
20213,Westbound Portage at Belvidere,21,76,568,"c(-97.2336292748626, 49.877340528971)"
20214,Westbound Portage at Woodlawn (Deer Lodge Centre),21,76,568,"c(-97.2354115754771, 49.8773227337318)"
20215,Westbound Portage at Sharp,21,76,568,"c(-97.2377316739278, 49.8770612395723)"
20216,Westbound Portage at Conway,21,76,568,"c(-97.2409466458655, 49.8766873696885)"
20217,Westbound Portage at Mount Royal East,21,76,568,"c(-97.2437270617495, 49.8763967686396)"
20218,Westbound Portage at Mount Royal,21,76,568,"c(-97.2454174887712, 49.8762245110331)"
10171,Northbound Osborne at River,18,70,617,"c(-97.1464970340353, 49.8794682890838)"
10380,Westbound Polo Park West Access at Polo Park,11,70,617,"c(-97.1997847465479, 49.8831426630897)"
10381,Westbound Polo Park West Access at Polo Park (11),11,70,617,"c(-97.199581739418, 49.8848575482651)"
10381,Westbound Polo Park West Access at Polo Park (11),11,70,617,"c(-97.199581739418, 49.8848575482651)"
10551,Westbound Portage at Simcoe,11,70,617,"c(-97.1676074724864, 49.886244814297)"
10562,Eastbound Portage at Tylehurst (Polo Park),11,70,617,"c(-97.1995667547574, 49.8803958016775)"
10563,Eastbound Portage at St. John Ambulance,11,70,617,"c(-97.1962858823745, 49.8810283493497)"
10564,Eastbound Portage at Raglan,11,70,617,"c(-97.1910010141461, 49.8820162910265)"
10565,Eastbound Portage at Craig,11,70,617,"c(-97.1898931906784, 49.8822328443376)"
10566,Eastbound Portage at Erin,11,70,617,"c(-97.1866962234654, 49.8828484422686)"
10567,Eastbound Portage at Newman,11,70,617,"c(-97.1837543306631, 49.8833420241166)"
10568,Eastbound Portage at Sprague,11,70,617,"c(-97.1813481636369, 49.883655053608)"
10569,Eastbound Portage at Dominion,11,70,617,"c(-97.1784105696353, 49.884031632147)"
10570,Eastbound Portage at Sherburn,11,70,617,"c(-97.1761163181081, 49.8843283237966)"
10571,Eastbound Portage at Lipton,11,70,617,"c(-97.173304542214, 49.8846887648969)"
10572,Eastbound Portage at Lenore,11,70,617,"c(-97.1710652038316, 49.8850042128887)"
10573,Eastbound Portage at Arlington,11,70,617,"c(-97.1695611974742, 49.8853852169036)"
10574,Eastbound Portage at Canora,11,70,617,"c(-97.1663538986159, 49.8862609450835)"
10575,Eastbound Portage at Broadway,11,70,617,"c(-97.1642294358954, 49.8868479307492)"
10580,Eastbound Portage at Vaughan (The Bay),11,70,617,"c(-97.1496953620316, 49.8912039955087)"
10581,Eastbound Portage at Edmonton (Portage Place),11,70,617,"c(-97.1475757966116, 49.8920156297992)"
10582,Eastbound Portage at Donald (Canada Life Centre),11,70,617,"c(-97.1435788807498, 49.8934897514105)"
10583,Eastbound Portage at Fort,11,70,617,"c(-97.1400478565572, 49.8947913212515)"
10595,Northbound Osborne at Assiniboine,18,70,617,"c(-97.1484559639911, 49.8832055927248)"
10596,Northbound Osborne at Broadway (Legislature),18,70,617,"c(-97.1494797663111, 49.885191874855)"
10607,Northbound Osborne at York,18,70,617,"c(-97.1497621052123, 49.8872742385423)"
10611,Eastbound Graham at Fort (Wpg Square),18,70,617,"c(-97.1389651327036, 49.8928939605613)"
10615,Eastbound Graham at Smith,18,70,617,"c(-97.1415215219745, 49.8923143729577)"
10618,Eastbound Graham at Edmonton (RWB),18,70,617,"c(-97.1467325568193, 49.8911296165296)"
10627,Northbound Main at Pioneer,18,70,617,"c(-97.1378993030511, 49.8949007013879)"
10628,Northbound Main at McDermot,11,70,617,"c(-97.1385990236253, 49.8969808091659)"
10628,Northbound Main at McDermot,18,70,617,"c(-97.1385990236253, 49.8969808091659)"
10629,Northbound Main at James (Concert Hall),18,70,617,"c(-97.1378182161232, 49.8999006275648)"
10630,Northbound Main at Logan,18,70,617,"c(-97.1357599170648, 49.9023591196438)"
10631,Northbound Main at Higgins,18,70,617,"c(-97.1344049171044, 49.9042712198666)"
10703,Northbound Vaughan at St. Mary,18,70,617,"c(-97.1482072939068, 49.8889764214999)"
10704,Northbound Vaughan at Graham (The Bay),18,70,617,"c(-97.1489874585091, 49.8904191070029)"
20002,Southbound St James at Ness North,11,70,617,"c(-97.2015154764902, 49.8845188107642)"
30044,Northbound Main at Seven Oaks,18,70,617,"c(-97.1206123198266, 49.9330570212043)"
30045,Northbound Main at Rupertsland,18,70,617,"c(-97.1211604670224, 49.9322203885431)"
30047,Northbound Main at McAdam,18,70,617,"c(-97.1224771674539, 49.9298940555276)"
30051,Northbound Main at Lansdowne,18,70,617,"c(-97.1232710977947, 49.928467728811)"
30055,Northbound Main at Inkster,18,70,617,"c(-97.123958780583, 49.9272645498024)"
30056,Northbound Main at Polson,18,70,617,"c(-97.1245579962799, 49.9261858635563)"
30062,Northbound Main at Cathedral,18,70,617,"c(-97.1256940250075, 49.9241983762504)"
30074,Northbound Main at Church,18,70,617,"c(-97.126769734614, 49.9223268366192)"
30075,Northbound Main at Anderson,18,70,617,"c(-97.1277082048851, 49.9211186972181)"
30076,Northbound Main at Mountain,18,70,617,"c(-97.1288213584754, 49.919715483561)"
30081,Northbound Main at Boyd,18,70,617,"c(-97.1301672900473, 49.9180551638692)"
30085,Northbound Main at Aberdeen,18,70,617,"c(-97.1313999941164, 49.9160781761666)"
30087,Northbound Main at Burrows,18,70,617,"c(-97.1316919083502, 49.9146526822948)"
30089,Northbound Main at Manitoba,18,70,617,"c(-97.1320732347943, 49.9130757150296)"
30092,Northbound Main at Selkirk,18,70,617,"c(-97.1325133419824, 49.9114187393705)"
30095,Northbound Main at Euclid,18,70,617,"c(-97.132939150389, 49.9097705261614)"
30097,Northbound Main at Jarvis,18,70,617,"c(-97.1335774587611, 49.9073071913589)"
30099,Eastbound Disraeli at Sutherland,11,70,617,"c(-97.1230514874702, 49.9064983696821)"
40369,Northbound Henderson at Gordon,11,70,617,"c(-97.1161552814694, 49.9122691000777)"
40370,Northbound Henderson at Johnson,11,70,617,"c(-97.1146728822834, 49.9142058825746)"
40371,Northbound Henderson at Carmen,11,70,617,"c(-97.113966575425, 49.9158854412568)"
40372,Northbound Henderson at Harbison,11,70,617,"c(-97.1132007840419, 49.9173031706354)"
40373,Northbound Henderson at Bowman,11,70,617,"c(-97.1121325168535, 49.9186170178425)"
40374,Northbound Henderson at Washington,11,70,617,"c(-97.1112999519809, 49.919601885106)"
40375,Northbound Henderson at Munroe,11,70,617,"c(-97.1096424548595, 49.9213738360469)"
40376,Northbound Henderson at Trent,11,70,617,"c(-97.1080290694386, 49.9230835190641)"
40377,Northbound Henderson at Sydney,11,70,617,"c(-97.1065461689812, 49.9246603885291)"
40390,Northbound Henderson at Edison,11,70,617,"c(-97.08967231338, 49.9412488451503)"
40681,Northbound Henderson at Dearborn,11,70,617,"c(-97.1167571899334, 49.9114783362796)"
40907,Northbound Henderson at Johnson N.,11,70,617,"c(-97.1143501375997, 49.9146233920539)"
60317,Eastbound Corydon at Guelph,18,70,617,"c(-97.1657216128143, 49.8665788101453)"
60319,Eastbound Corydon at Harrow,18,70,617,"c(-97.1635793318777, 49.8672914298984)"
10066,Northbound Osborne at Osborne Junction,18,69,626,"c(-97.1422927629087, 49.8751282467799)"
10126,Eastbound Corydon at Stafford,18,69,626,"c(-97.1615503020115, 49.8679518386691)"
10128,Eastbound Corydon at Wentworth,18,69,626,"c(-97.1594075587356, 49.8686733690741)"
10130,Eastbound Corydon at Lilac,18,69,626,"c(-97.157293253715, 49.8693773225507)"
10131,Westbound Portage at Dominion,11,69,626,"c(-97.1781903695287, 49.8843339971199)"
10141,Eastbound Corydon at Arbuthnot,18,69,626,"c(-97.1550662479806, 49.8701154213812)"
10143,Eastbound Corydon at Cockburn,18,69,626,"c(-97.1530644615138, 49.870785110988)"
10145,Eastbound Corydon at Hugo,18,69,626,"c(-97.1507528434336, 49.8715487620108)"
10147,Eastbound Corydon at Daly,18,69,626,"c(-97.1486661087291, 49.8722529987116)"
10150,Eastbound Corydon at Nassau,18,69,626,"c(-97.1451273500693, 49.8734376611553)"
10162,Westbound Portage at Sherburn,11,69,626,"c(-97.1765954819225, 49.8845427571825)"
10186,Northbound Osborne at Stradbrook,18,69,626,"c(-97.1445895101974, 49.8776657066494)"
10365,Northbound St James at Portage,11,69,626,"c(-97.201480032859, 49.881352025435)"
10541,Westbound Portage at Garry,11,69,626,"c(-97.1408998243643, 49.8947240512564)"
10542,Westbound Portage at Donald (Canada Life Centre),11,69,626,"c(-97.1432300757696, 49.8938709431958)"
10543,Westbound Portage at Edmonton (Portage Place),11,69,626,"c(-97.1470294682105, 49.8924656322217)"
10545,Westbound Portage at Colony,11,69,626,"c(-97.1505445058762, 49.8912085696212)"
10546,Westbound Portage at Spence (U of W),11,69,626,"c(-97.1538350169732, 49.8899927951653)"
10547,Westbound Portage at Langside,11,69,626,"c(-97.1568333842607, 49.8891320768959)"
10548,Westbound Portage at Sherbrook,11,69,626,"c(-97.1588314392759, 49.8885791963869)"
10549,Westbound Portage at Maryland,11,69,626,"c(-97.1612506250169, 49.8879340261636)"
10550,Westbound Portage at Broadway,11,69,626,"c(-97.164486974533, 49.8870319146994)"
10552,Westbound Portage at Burnell,11,69,626,"c(-97.170871420863, 49.885342961467)"
10553,Westbound Portage at Lipton,11,69,626,"c(-97.1735179901635, 49.8849349979546)"
10555,Westbound Portage at Minto,11,69,626,"c(-97.1803023894809, 49.8840703799668)"
10556,Westbound Portage at Wall,11,69,626,"c(-97.1834215144089, 49.8836786120418)"
10557,Westbound Portage at Clifton,11,69,626,"c(-97.1860404055447, 49.8832609328315)"
10558,Westbound Portage at Valour,11,69,626,"c(-97.1890694476763, 49.882669711194)"
10559,Westbound Portage at Strathcona,11,69,626,"c(-97.1920132637856, 49.8821220543165)"
10561,Westbound Portage at Tylehurst (Polo Park),11,69,626,"c(-97.1991475849058, 49.8808120464002)"
10576,Eastbound Portage at Maryland,11,69,626,"c(-97.1606431976751, 49.8877984462389)"
10577,Eastbound Portage at Sherbrook,11,69,626,"c(-97.1584768584487, 49.8883846611153)"
10578,Eastbound Portage at Langside,11,69,626,"c(-97.1570557938188, 49.8887758172761)"
10579,Eastbound Portage at Balmoral (U of Winnipeg),11,69,626,"c(-97.153099267864, 49.8899360842346)"
10616,Eastbound Graham at Hargrave,18,69,626,"c(-97.1441345452964, 49.8917086518378)"
10629,Northbound Main at James (Concert Hall),11,69,626,"c(-97.1378182161232, 49.8999006275648)"
10634,Southbound Main at James,11,69,626,"c(-97.138042349207, 49.9002280531892)"
10712,Eastbound Disraeli at Lily,11,69,626,"c(-97.1341627436806, 49.9015238376629)"
10714,Eastbound Disraeli at Argyle,11,69,626,"c(-97.1297255082803, 49.9024686743236)"
10715,Westbound Disraeli at Henry,11,69,626,"c(-97.1300950334009, 49.9026365539011)"
10716,Westbound Disraeli at Martha,11,69,626,"c(-97.1346008255046, 49.9017197927563)"
11023,Northbound St James at Ness,11,69,626,"c(-97.2012965675032, 49.8832920920109)"
20001,Southbound St James at Ness South,11,69,626,"c(-97.2017173110055, 49.8820843053604)"
30098,Westbound Disraeli at Sutherland,11,69,626,"c(-97.123284969418, 49.9065831100294)"
40378,Northbound Henderson at Chelsea,11,69,626,"c(-97.1052954796127, 49.925998174133)"
40379,Northbound Henderson at Kimberly,11,69,626,"c(-97.104073275356, 49.9273184226768)"
40381,Northbound Henderson at Dunrobin,11,69,626,"c(-97.1024166556926, 49.9290543045857)"
40382,Northbound Henderson at Hazel Dell,11,69,626,"c(-97.1012827937688, 49.930250041461)"
40383,Northbound Henderson at Greene,11,69,626,"c(-97.1003234094652, 49.9312597349945)"
40384,Northbound Henderson at Leighton,11,69,626,"c(-97.0985247768791, 49.9330561961719)"
40385,Northbound Henderson at Northdale,11,69,626,"c(-97.0961846320865, 49.9347987516884)"
40387,Northbound Henderson at McLeod,11,69,626,"c(-97.0936690298312, 49.9367452564767)"
40388,Northbound Henderson at Devon,11,69,626,"c(-97.0919920978706, 49.9386245751526)"
40389,Northbound Henderson at Hawthorne,11,69,626,"c(-97.0910002300262, 49.9397415963262)"
60311,Eastbound Corydon at Thurso,18,69,626,"c(-97.1721911608716, 49.8644054077311)"
60314,Eastbound Corydon at Rockwood,18,69,626,"c(-97.1694143999178, 49.8653419853083)"
60316,Eastbound Corydon at Wilton,18,69,626,"c(-97.1679625451918, 49.8658317321373)"
60692,Eastbound Corydon at Cambridge East,18,69,626,"c(-97.174344361467, 49.8630271685578)"
10635,Southbound Main at William (City Hall),11,68,635,"c(-97.139077168815, 49.8990303651542)"
10637,Southbound Main at Lombard,11,68,635,"c(-97.1388667305659, 49.8961755616089)"
40419,Southbound Henderson at Hawthorne,11,68,635,"c(-97.0909667591125, 49.9402357695321)"
40420,Southbound Henderson at Devon,11,68,635,"c(-97.0926594910687, 49.9383117510284)"
40421,Southbound Henderson at Rowandale,11,68,635,"c(-97.093768387265, 49.937052722399)"
40422,Southbound Henderson at Fraser's,11,68,635,"c(-97.0951657958567, 49.935897375037)"
40423,Southbound Henderson at Northdale,11,68,635,"c(-97.0964292937529, 49.9349556894285)"
40424,Southbound Henderson at Leighton,11,68,635,"c(-97.0993184486692, 49.9327184226099)"
40425,Southbound Henderson at Greene,11,68,635,"c(-97.1004949031091, 49.9315054137479)"
40426,Southbound Henderson at Hazel Dell,11,68,635,"c(-97.1016727107876, 49.9302564351155)"
40427,Southbound Henderson at Dunrobin,11,68,635,"c(-97.1028072692871, 49.9290427158584)"
40429,Southbound Henderson at Chelsea,11,68,635,"c(-97.105555109403, 49.9261283527372)"
40430,Southbound Henderson at Kildonan,11,68,635,"c(-97.1069214137279, 49.9246845147293)"
40431,Southbound Henderson at Trent,11,68,635,"c(-97.1084624602571, 49.9230456254259)"
40432,Southbound Henderson at Munroe,11,68,635,"c(-97.1095531477608, 49.9218760983985)"
40433,Southbound Henderson at Bredin North,11,68,635,"c(-97.1113701392808, 49.9199448404943)"
40434,Southbound Henderson at Bredin,11,68,635,"c(-97.1125811912004, 49.9185433780858)"
40435,Southbound Henderson at Harbison,11,68,635,"c(-97.1132984752284, 49.9176555681682)"
40436,Southbound Henderson at Martin,11,68,635,"c(-97.1142668882939, 49.9160432483989)"
40437,Southbound Henderson at Hespeler,11,68,635,"c(-97.1159145924047, 49.9130837298438)"
40443,Southbound Henderson at Dearborn,11,68,635,"c(-97.1169871830145, 49.9116529826629)"
40630,Southbound Henderson at Johnson,11,68,635,"c(-97.1147552550823, 49.914594009626)"
10172,Southbound Osborne at River,18,67,645,"c(-97.146536216832, 49.8791720802764)"
10185,Southbound Osborne at Wardlaw,18,67,645,"c(-97.1441423923714, 49.8769839108007)"
10598,Southbound Osborne at York,18,67,645,"c(-97.150028857977, 49.8879441334443)"
10599,Southbound Osborne at Broadway (Legislature),18,67,645,"c(-97.1499916211998, 49.8856408124199)"
10600,Southbound Osborne at Granite,18,67,645,"c(-97.1488556424479, 49.8833109302037)"
10619,Westbound Graham at Vaughan (The Bay),18,67,645,"c(-97.1490046259873, 49.8906982270866)"
10633,Southbound Main at Alexander,18,67,645,"c(-97.1366735193475, 49.901780157007)"
10634,Southbound Main at James,18,67,645,"c(-97.138042349207, 49.9002280531892)"
10635,Southbound Main at William (City Hall),18,67,645,"c(-97.139077168815, 49.8990303651542)"
10636,Southbound Main at McDermot,18,67,645,"c(-97.1390951696835, 49.8971147159191)"
10840,Southbound Vaughan at St. Mary,18,67,645,"c(-97.1485723111589, 49.8892611056042)"
40428,Southbound Henderson at Kimberly,11,67,645,"c(-97.1039542841493, 49.9278651695059)"
60309,Westbound Corydon at Cambridge West,18,67,645,"c(-97.1755664715825, 49.8630914130568)"
60312,Westbound Corydon at Thurso,18,67,645,"c(-97.1720005261211, 49.864663253276)"
60313,Westbound Corydon at Rockwood,18,67,645,"c(-97.170506315682, 49.8651703531049)"
10068,Southbound Pembina at Osborne Junction,18,66,655,"c(-97.142801343363, 49.8745697200658)"
10125,Westbound Corydon at Harrow,18,66,655,"c(-97.1635443561236, 49.8674797708011)"
10127,Westbound Corydon at Stafford,18,66,655,"c(-97.1612751230575, 49.8682353089511)"
10129,Westbound Corydon at Wentworth,18,66,655,"c(-97.1592456811864, 49.8689046659203)"
10140,Westbound Corydon at Lilac,18,66,655,"c(-97.1570465433708, 49.8696432459632)"
10142,Westbound Corydon at Arbuthnot,18,66,655,"c(-97.1554821402087, 49.8701580296916)"
10144,Westbound Corydon at Cockburn,18,66,655,"c(-97.153226567879, 49.8709136280827)"
10146,Westbound Corydon at Hugo,18,66,655,"c(-97.1512108143922, 49.8715830628758)"
10148,Westbound Corydon at Daly,18,66,655,"c(-97.1485744022166, 49.8724674129699)"
10149,Westbound Corydon at Nassau,18,66,655,"c(-97.1462341271098, 49.8732485056817)"
10612,Westbound Graham at Garry (Wpg Square),18,66,655,"c(-97.1397902750134, 49.8927992825583)"
10614,Westbound Graham at Donald (Canada Life Centre),18,66,655,"c(-97.1424729202096, 49.8921947176353)"
10617,Westbound Graham at Edmonton (RWB),18,66,655,"c(-97.1464477190167, 49.8912959615501)"
10632,Southbound Main at Henry,18,66,655,"c(-97.1353714184405, 49.9034052795095)"
10638,Southbound Main at Pioneer,18,66,655,"c(-97.1379175683709, 49.8940644580607)"
30048,Southbound Main at McAdam,18,66,655,"c(-97.1229966083229, 49.9297945375172)"
30054,Southbound Main at Inkster,18,66,655,"c(-97.1241930270107, 49.9276911095213)"
30057,Southbound Main at Polson,18,66,655,"c(-97.124912013226, 49.9263984820937)"
30071,Southbound Main at Cathedral,18,66,655,"c(-97.1262127009522, 49.9241168215983)"
30073,Southbound Main at Church,18,66,655,"c(-97.1275804422327, 49.9218991955882)"
30077,Southbound Main at Mountain,18,66,655,"c(-97.129308308334, 49.9197323473916)"
30080,Southbound Main at College,18,66,655,"c(-97.1303615205094, 49.918436090383)"
30083,Southbound Main at Redwood,18,66,655,"c(-97.1310635143257, 49.9175749096561)"
30086,Southbound Main at Alfred,18,66,655,"c(-97.1319136844883, 49.9157626458248)"
30088,Southbound Main at Magnus,18,66,655,"c(-97.1322212393746, 49.9142924279887)"
30091,Southbound Main at Selkirk,18,66,655,"c(-97.1328443409524, 49.9118648331989)"
30094,Southbound Main at Dufferin,18,66,655,"c(-97.1336593993288, 49.9087926886057)"
30096,Southbound Main at Jarvis,18,66,655,"c(-97.1339898327914, 49.9074487638606)"
30913,Southbound Main at Stella,18,66,655,"c(-97.1333351938043, 49.9099748025334)"
60315,Westbound Corydon at Wilton,18,66,655,"c(-97.1677583147575, 49.8660803605201)"
60318,Westbound Corydon at Guelph,18,66,655,"c(-97.1656866459656, 49.8667671518188)"
30043,Southbound Main at Jefferson,18,65,665,"c(-97.1209552392437, 49.9331975114989)"
30046,Southbound Main at Rupertsland,18,65,665,"c(-97.1219940540717, 49.9315682830231)"
60369,Westbound Corydon at Waverley,18,65,665,"c(-97.1784011111661, 49.8631990229194)"
60370,Eastbound Corydon at Waverley,18,65,665,"c(-97.177992358593, 49.8629677136876)"
60371,Westbound Corydon at Elm,18,65,665,"c(-97.1810553120686, 49.8632947327232)"
60372,Eastbound Corydon at Elm,18,65,665,"c(-97.1813273093143, 49.8630921209854)"
60373,Westbound Corydon at Ash,18,65,665,"c(-97.1831535814253, 49.8633726617459)"
60374,Eastbound Corydon at Ash,18,65,665,"c(-97.1834398146296, 49.8631612734905)"
60375,Westbound Corydon at Niagara,18,65,665,"c(-97.1856270122957, 49.8634654287731)"
60376,Eastbound Corydon at Niagara,18,65,665,"c(-97.1861771318348, 49.8632671648515)"
60377,Eastbound Corydon at Brock,18,65,665,"c(-97.1880254202128, 49.8633320927712)"
60378,Westbound Corydon at Brock,18,65,665,"c(-97.1891150010668, 49.8635920094807)"
60379,Westbound Corydon at Campbell,18,65,665,"c(-97.1909904497206, 49.8636753047813)"
60380,Eastbound Corydon at Campbell,18,65,665,"c(-97.1912905581567, 49.8634641140542)"
60381,Westbound Corydon at Lindsay,18,65,665,"c(-97.1937559669021, 49.8637724618506)"
60382,Eastbound Corydon at Lindsay,18,65,665,"c(-97.19405606408, 49.8635612638109)"
60383,Westbound Corydon at Lanark,18,65,665,"c(-97.1977579056877, 49.8639247898053)"
60384,Eastbound Corydon at Lanark,18,65,665,"c(-97.1982801678775, 49.8637260346735)"
60385,Westbound Corydon at Centennial,18,65,665,"c(-97.2011065614075, 49.8640578333547)"
60386,Eastbound Corydon at Centennial,18,65,665,"c(-97.2014062949556, 49.8638556057081)"
60387,Westbound Corydon at Lockwood,18,65,665,"c(-97.2027741102393, 49.8641197159045)"
60388,Eastbound Corydon at Lockwood,18,65,665,"c(-97.2031711886106, 49.8639189950473)"
60436,Westbound Corydon at Kenaston,18,65,665,"c(-97.2055807398869, 49.8642352177097)"
60438,Southbound Kenaston at Lockston,18,65,665,"c(-97.205947260735, 49.8659859300566)"
60439,Southbound Kenaston at Tuxedo South,18,65,665,"c(-97.2057627162499, 49.8679619706171)"
60442,Eastbound Tuxedo at Kenaston,18,65,665,"c(-97.2057216591362, 49.869445509473)"
60453,Eastbound Tuxedo at Doncaster,18,65,665,"c(-97.2078894583062, 49.8695330599949)"
60455,Westbound Corydon at Ubique,18,65,665,"c(-97.2076369789779, 49.8646988349056)"
60457,Westbound Corydon at Doncaster,18,65,665,"c(-97.2089891706797, 49.8657631845424)"
60458,Westbound Corydon at Edgeland,18,65,665,"c(-97.2116183584531, 49.8665414234867)"
60691,Eastbound Corydon at Carpathia,18,65,665,"c(-97.2046301257454, 49.8639776124012)"
60458,Westbound Corydon at Edgeland,18,64,675,"c(-97.2116183584531, 49.8665414234867)"
60460,Westbound Corydon at Southport,18,64,675,"c(-97.2143281291376, 49.8666462203808)"
60720,Northbound Tuxedo at Girton,18,64,675,"c(-97.2143323930617, 49.8676627207588)"
60780,Eastbound Tuxedo at Edgeland,18,64,675,"c(-97.2104185685848, 49.8696351509375)"
20239,Eastbound Portage at Westwood,21,61,708,"c(-97.2927779503262, 49.8815019786193)"
20255,Eastbound Portage at Muriel,21,61,708,"c(-97.2969164455469, 49.8821745789933)"
20256,Eastbound Portage at Parkdale,21,61,708,"c(-97.2945632306416, 49.8817981355173)"
20257,Eastbound Portage at Banting,21,61,708,"c(-97.2886794048548, 49.8808837893367)"
20258,Eastbound Portage at Daer,21,61,708,"c(-97.2872815262374, 49.8806562367938)"
20259,Eastbound Portage at Golf,21,61,708,"c(-97.2857445343253, 49.8804266076794)"
20260,Eastbound Portage at Country Club,21,61,708,"c(-97.2832251837456, 49.880029482582)"
20261,Eastbound Portage at Woodlands,21,61,708,"c(-97.2802625950263, 49.8795717500875)"
60027,Northbound Pembina at De Vos,BLUE,61,708,"c(-97.1565689836143, 49.7801433498573)"
60093,Northbound Pembina at Fairfield,BLUE,61,708,"c(-97.1570430837277, 49.7980332694116)"
60095,Northbound Pembina at Chancellor Matheson,BLUE,61,708,"c(-97.1568733051621, 49.8017725426966)"
60116,Northbound Pembina at Chancellor Matheson North,BLUE,61,708,"c(-97.1565995209301, 49.8031264464806)"
60120,Northbound Pembina at Dartmouth,BLUE,61,708,"c(-97.1550856115542, 49.8060257352)"
60124,Westbound Markham at Pembina,BLUE,61,708,"c(-97.1547038826876, 49.8087541674918)"
61216,Northbound Southwest Transitway at Markham Station,BLUE,61,708,"c(-97.1573896553598, 49.8086710373077)"
60029,Northbound Pembina at Dalhousie South,BLUE,60,720,"c(-97.1567031958436, 49.7820974392774)"
60031,Northbound Pembina at Newdale,BLUE,60,720,"c(-97.1568352652825, 49.7844742663177)"
60032,Northbound Pembina at Newdale North,BLUE,60,720,"c(-97.15697849988, 49.7869232313915)"
60059,Northbound Pembina at Cloutier South,BLUE,60,720,"c(-97.1562113272695, 49.7734632327144)"
60066,Northbound Pembina at Greencrest,BLUE,60,720,"c(-97.1572495454994, 49.7925944951932)"
60069,Northbound Pembina at Dalhousie North,BLUE,60,720,"c(-97.1571468343533, 49.7953003984587)"
60656,Northbound Pembina at Killarney North,BLUE,60,720,"c(-97.1572608746806, 49.7908316262328)"
61104,Northbound Pembina at Killarney,BLUE,60,720,"c(-97.1571204840408, 49.7890393546852)"
62004,Northbound Pembina at De La Digue,BLUE,60,720,"c(-97.1546628688193, 49.7666921555216)"
62005,Northbound Pembina at Ducharme,BLUE,60,720,"c(-97.1564157890925, 49.7688069883184)"
62006,Northbound Pembina at Grandmont,BLUE,60,720,"c(-97.1565298526054, 49.7712914760449)"
40182,Westbound Regent at Peguis,47,58,745,"c(-97.0540387365887, 49.8957880521397)"
40154,Westbound Regent at Bienvenu,47,57,758,"c(-97.030843649241, 49.8953597760152)"
40155,Eastbound Regent at Bienvenu,47,57,758,"c(-97.0313833936802, 49.8950991041741)"
40158,Westbound Regent at Bradley,47,57,758,"c(-97.0350478086445, 49.8953862511684)"
40162,Westbound Regent at Owen East,47,57,758,"c(-97.0384445387755, 49.8954078870267)"
40170,Westbound Regent at Owen,47,57,758,"c(-97.0422590915649, 49.8954274957291)"
40174,Westbound Regent at Club Regent (Park & Ride),47,57,758,"c(-97.0450296530448, 49.8954383446065)"
40179,Westbound Regent at Peguis East,47,57,758,"c(-97.051516293665, 49.8954937537786)"
40186,Westbound Regent at Kildonan Place (Park & Ride),47,57,758,"c(-97.0595267032398, 49.896788690844)"
40263,Eastbound Nairn at Keenleyside,47,57,758,"c(-97.0802597828078, 49.9003276574833)"
40287,Eastbound Nairn at Kent,47,57,758,"c(-97.0841733239825, 49.901022149341)"
40322,Eastbound Nairn at Chester,47,57,758,"c(-97.0890687150591, 49.901894631326)"
40771,Eastbound Regent at Chrislind,47,57,758,"c(-97.0287941239739, 49.8950820200164)"
40772,Westbound Regent at Chrislind,47,57,758,"c(-97.0280734716863, 49.8953395977312)"
40800,Westbound Regent at Rougeau,47,57,758,"c(-97.0574256085087, 49.8964026391446)"
10068,Southbound Pembina at Osborne Junction,60,56,771,"c(-97.142801343363, 49.8745697200658)"
10070,Southbound Pembina at Warsaw,60,56,771,"c(-97.1439904024145, 49.8718722879166)"
10072,Southbound Pembina at Fleet,60,56,771,"c(-97.1451631394973, 49.8695973488696)"
10075,Southbound Pembina at Scotland,60,56,771,"c(-97.1471751441484, 49.8657527058665)"
10078,Southbound Pembina at Grant,60,56,771,"c(-97.1477898943185, 49.8642333855791)"
10079,Southbound Pembina at Arbuthnot,60,56,771,"c(-97.1488276429822, 49.8625679119663)"
10081,Southbound Pembina at Ebby,60,56,771,"c(-97.1499216299398, 49.8608853377514)"
10086,Southbound Pembina at Stafford,60,56,771,"c(-97.1522724267656, 49.8568931030367)"
10157,Eastbound Mayfair at Queen Elizabeth,47,56,771,"c(-97.1331202124249, 49.8845154204047)"
10159,Southbound Queen Elizabeth at Stradbrook,47,56,771,"c(-97.1320857490975, 49.8839050593692)"
10185,Southbound Osborne at Wardlaw,60,56,771,"c(-97.1441423923714, 49.8769839108007)"
10351,Eastbound Higgins at Point Douglas,47,56,771,"c(-97.1154006467306, 49.9023263108415)"
10352,Westbound Higgins at Boyle,47,56,771,"c(-97.1157920930009, 49.902287707614)"
10354,Eastbound Higgins at McArthur,47,56,771,"c(-97.1170378489802, 49.9017682752525)"
10355,Eastbound Higgins at Acores,47,56,771,"c(-97.1200585964067, 49.9021591806565)"
10356,Westbound Higgins at Acores,47,56,771,"c(-97.1196226049712, 49.9022690350225)"
10358,Eastbound Higgins at Annabella,47,56,771,"c(-97.1221904008507, 49.902490615714)"
10360,Eastbound Higgins at Waterfront,47,56,771,"c(-97.1269394807812, 49.9035659988189)"
10368,Eastbound Higgins at Maple,47,56,771,"c(-97.1315585974506, 49.9040454168842)"
10614,Westbound Graham at Donald (Canada Life Centre),60,56,771,"c(-97.1424729202096, 49.8921947176353)"
10617,Westbound Graham at Edmonton (RWB),60,56,771,"c(-97.1464477190167, 49.8912959615501)"
10619,Westbound Graham at Vaughan (The Bay),60,56,771,"c(-97.1490046259873, 49.8906982270866)"
10624,Northbound Main at Assiniboine,47,56,771,"c(-97.1334895269339, 49.886851091144)"
10625,Northbound Main at Broadway (Union Station),47,56,771,"c(-97.1348586067014, 49.8892568426911)"
10627,Northbound Main at Pioneer,47,56,771,"c(-97.1378993030511, 49.8949007013879)"
10628,Northbound Main at McDermot,47,56,771,"c(-97.1385990236253, 49.8969808091659)"
10629,Northbound Main at James (Concert Hall),47,56,771,"c(-97.1378182161232, 49.8999006275648)"
10631,Northbound Main at Higgins,47,56,771,"c(-97.1344049171044, 49.9042712198666)"
10638,Southbound Main at Pioneer,47,56,771,"c(-97.1379175683709, 49.8940644580607)"
10639,Southbound Main at St. Mary,47,56,771,"c(-97.1364347461512, 49.8913510839737)"
10641,Southbound Main at Broadway (Union Station),47,56,771,"c(-97.1347440192245, 49.8882565476378)"
10648,Southbound Garry at Portage North,60,56,771,"c(-97.1413016525729, 49.8947754787521)"
10649,Southbound Garry at Portage South,60,56,771,"c(-97.1409118192741, 49.8940496173533)"
10650,Southbound Garry at Graham,60,56,771,"c(-97.1402216442148, 49.892806213489)"
10808,Southbound Pembina at Taylor,60,56,771,"c(-97.1511120126738, 49.8588624806498)"
10840,Southbound Vaughan at St. Mary,60,56,771,"c(-97.1485723111589, 49.8892611056042)"
11027,Southbound Southwest Transitway at Harkness Station,47,56,771,"c(-97.1354506707884, 49.8807570744673)"
11029,Southbound Southwest Transitway at Osborne Station,47,56,771,"c(-97.1410970220562, 49.8732830550562)"
11033,Southbound Southwest Transitway at Jubilee Station,47,56,771,"c(-97.1503147451873, 49.8556924745347)"
11050,Southbound Southwest Transitway at Jubilee Overpass,47,56,771,"c(-97.1508001710452, 49.8539102129978)"
11051,Northbound Main at St. Mary,47,56,771,"c(-97.1361965270918, 49.8917520250686)"
30100,Westbound Higgins at Sutherland,47,56,771,"c(-97.1149214455546, 49.9039016340868)"
30101,Eastbound Higgins at Sutherland,47,56,771,"c(-97.114656300209, 49.9039153063194)"
40159,Eastbound Regent at Bradley,47,56,771,"c(-97.0372576921273, 49.8951448987572)"
40171,Eastbound Regent at Owen,47,56,771,"c(-97.0404314038641, 49.895171689154)"
40175,Eastbound Regent at Starlight,47,56,771,"c(-97.0457637714258, 49.8951898838479)"
40178,Eastbound Regent at Peguis East,47,56,771,"c(-97.0509002518679, 49.8952315187992)"
40183,Eastbound Regent at Peguis,47,56,771,"c(-97.0547681163088, 49.8956563908515)"
40187,Eastbound Regent at Rougeau,47,56,771,"c(-97.0581410734574, 49.8962707230088)"
40190,Eastbound Regent at Lagimodiere,47,56,771,"c(-97.0666170375905, 49.8977708672607)"
40196,Eastbound Regent at Stapon,47,56,771,"c(-97.0635474895355, 49.8972248260648)"
40210,Eastbound Regent at Panet East,47,56,771,"c(-97.0706129440447, 49.8984851872433)"
40230,Eastbound Nairn at Panet West,47,56,771,"c(-97.0735160180683, 49.8990192739556)"
40337,Eastbound Nairn at Grey,47,56,771,"c(-97.0951266423763, 49.9029569463087)"
40445,Eastbound Nairn at Stadacona,47,56,771,"c(-97.1114337977294, 49.9061924930594)"
40446,Eastbound Nairn at Desalaberry,47,56,771,"c(-97.1079885830599, 49.9052547244379)"
40447,Eastbound Nairn at Watt,47,56,771,"c(-97.105554079934, 49.9048281237043)"
40470,Westbound Nairn at Stadacona,47,56,771,"c(-97.1122573425253, 49.9065027610578)"
40768,Eastbound Nairn at Stapleton,47,56,771,"c(-97.0765825820262, 49.8996459546867)"
40786,"Northbound Kildonan Place Terminal at Kildonan Place (47, 86, 87, 92)",47,56,771,"c(-97.0595464523906, 49.8973377223433)"
60096,Eastbound Chancellor Matheson at Pembina,60,56,771,"c(-97.1554975958546, 49.8017686098263)"
60107,Southbound University at Dysart,47,56,771,"c(-97.1412569946502, 49.8085479267308)"
60107,Southbound University at Dysart,BLUE,56,771,"c(-97.1412569946502, 49.8085479267308)"
60110,Southbound University at Markham,47,56,771,"c(-97.1454494762376, 49.8115925908548)"
60112,Southbound University at Thatcher,47,56,771,"c(-97.1473004179687, 49.8151753185579)"
60113,Southbound University at Wedgewood,47,56,771,"c(-97.1490819794778, 49.8169398892219)"
60118,Southbound Pembina at Dartmouth (Victoria Hospital),60,56,771,"c(-97.1552467070264, 49.8065410262425)"
60123,Southbound Pembina at Markham,60,56,771,"c(-97.1537909069306, 49.8093692626937)"
60125,Southbound Pembina at Southpark South,60,56,771,"c(-97.1532365542475, 49.8104218412578)"
60128,Southbound Pembina at Southpark (Park & Ride),60,56,771,"c(-97.1526084676691, 49.8119499815618)"
60130,Southbound Pembina at Thatcher,60,56,771,"c(-97.1522679736598, 49.813590652593)"
60131,Southbound Pembina at Chancellor,60,56,771,"c(-97.1519291674634, 49.8151863736542)"
60138,Southbound Pembina at University Crescent,47,56,771,"c(-97.1525492367646, 49.8178858160822)"
60138,Southbound Pembina at University Crescent,60,56,771,"c(-97.1525492367646, 49.8178858160822)"
60139,Southbound University at Pembina,47,56,771,"c(-97.1511476833094, 49.817818454963)"
60144,Southbound Pembina at Plaza,60,56,771,"c(-97.1529857805182, 49.8221204886533)"
60148,Southbound Pembina at Adamar,60,56,771,"c(-97.1530689881206, 49.8243166234682)"
60150,Southbound Pembina at Adamar North,60,56,771,"c(-97.1528299364162, 49.8254821717335)"
60151,Southbound Pembina at Manahan South,47,56,771,"c(-97.1524838622868, 49.8272666729468)"
60151,Southbound Pembina at Manahan South,60,56,771,"c(-97.1524838622868, 49.8272666729468)"
60154,Southbound Pembina at Manahan,47,56,771,"c(-97.1521615929529, 49.828790694898)"
60154,Southbound Pembina at Manahan,60,56,771,"c(-97.1521615929529, 49.828790694898)"
60155,Southbound Pembina at Chevrier,47,56,771,"c(-97.1509892441769, 49.8325499110286)"
60155,Southbound Pembina at Chevrier,60,56,771,"c(-97.1509892441769, 49.8325499110286)"
60239,Southbound Pembina at Clarence,47,56,771,"c(-97.1510545865503, 49.8366707086759)"
60239,Southbound Pembina at Clarence,60,56,771,"c(-97.1510545865503, 49.8366707086759)"
60243,Southbound Pembina at Waller,47,56,771,"c(-97.1521088303718, 49.8392961235045)"
60243,Southbound Pembina at Waller,60,56,771,"c(-97.1521088303718, 49.8392961235045)"
60246,Southbound Pembina at McGillivray,47,56,771,"c(-97.1532365443888, 49.8407263533593)"
60246,Southbound Pembina at McGillivray,60,56,771,"c(-97.1532365443888, 49.8407263533593)"
60248,Southbound Pembina at Southwood,47,56,771,"c(-97.153569303934, 49.8429444533729)"
60249,Southbound Pembina at North Drive,47,56,771,"c(-97.1533549907868, 49.8456485529017)"
60251,Southbound Pembina at Windermere,47,56,771,"c(-97.1531445644625, 49.8478849691517)"
60251,Southbound Pembina at Windermere,60,56,771,"c(-97.1531445644625, 49.8478849691517)"
60259,Southbound Pembina at Calrossie,47,56,771,"c(-97.1529219264587, 49.8500762140775)"
60259,Southbound Pembina at Calrossie,60,56,771,"c(-97.1529219264587, 49.8500762140775)"
60718,Southbound Pembina at Royse,47,56,771,"c(-97.1505239693894, 49.8345393875239)"
60718,Southbound Pembina at Royse,60,56,771,"c(-97.1505239693894, 49.8345393875239)"
61113,Southbound Research at Chancellor Matheson,60,56,771,"c(-97.1495316573338, 49.8033284534094)"
61114,Eastbound Innovation at Research,60,56,771,"c(-97.1469199225217, 49.8029358426491)"
61115,Eastbound Innovation at RH Way,60,56,771,"c(-97.1431821395582, 49.8043691113883)"
61116,Eastbound Dafoe at University,60,56,771,"c(-97.1391680580052, 49.8057528405553)"
61218,Eastbound Bohemier at University Crescent,BLUE,56,771,"c(-97.1428099443051, 49.8093734312131)"
61253,Eastbound Dafoe at Agriculture,47,56,771,"c(-97.1360707921569, 49.8067824031146)"
61253,Eastbound Dafoe at Agriculture,60,56,771,"c(-97.1360707921569, 49.8067824031146)"
61253,Eastbound Dafoe at Agriculture,BLUE,56,771,"c(-97.1360707921569, 49.8067824031146)"
61254,Eastbound Dafoe at U of M Station,47,56,771,"c(-97.1307197191785, 49.8085850555885)"
61254,Eastbound Dafoe at U of M Station,60,56,771,"c(-97.1307197191785, 49.8085850555885)"
61254,Eastbound Dafoe at U of M Station,BLUE,56,771,"c(-97.1307197191785, 49.8085850555885)"
10066,Northbound Osborne at Osborne Junction,60,55,785,"c(-97.1422927629087, 49.8751282467799)"
10071,Northbound Pembina at Nassau,60,55,785,"c(-97.1438840520329, 49.8710160528182)"
10171,Northbound Osborne at River,60,55,785,"c(-97.1464970340353, 49.8794682890838)"
10172,Southbound Osborne at River,60,55,785,"c(-97.146536216832, 49.8791720802764)"
10186,Northbound Osborne at Stradbrook,60,55,785,"c(-97.1445895101974, 49.8776657066494)"
10353,Westbound Higgins at Maple,47,55,785,"c(-97.1311365321656, 49.9041555394378)"
10357,Westbound Higgins at Annabella,47,55,785,"c(-97.1219760487171, 49.902631058973)"
10359,Westbound Higgins at Waterfront,47,55,785,"c(-97.1265313278086, 49.9036763296592)"
10363,Westbound Higgins at Main,47,55,785,"c(-97.1333815882598, 49.904443619972)"
10598,Southbound Osborne at York,60,55,785,"c(-97.150028857977, 49.8879441334443)"
10599,Southbound Osborne at Broadway (Legislature),60,55,785,"c(-97.1499916211998, 49.8856408124199)"
10600,Southbound Osborne at Granite,60,55,785,"c(-97.1488556424479, 49.8833109302037)"
10611,Eastbound Graham at Fort (Wpg Square),60,55,785,"c(-97.1389651327036, 49.8928939605613)"
10615,Eastbound Graham at Smith,60,55,785,"c(-97.1415215219745, 49.8923143729577)"
10616,Eastbound Graham at Hargrave,60,55,785,"c(-97.1441345452964, 49.8917086518378)"
10618,Eastbound Graham at Edmonton (RWB),60,55,785,"c(-97.1467325568193, 49.8911296165296)"
10630,Northbound Main at Logan,47,55,785,"c(-97.1357599170648, 49.9023591196438)"
10632,Southbound Main at Henry,47,55,785,"c(-97.1353714184405, 49.9034052795095)"
10633,Southbound Main at Alexander,47,55,785,"c(-97.1366735193475, 49.901780157007)"
10634,Southbound Main at James,47,55,785,"c(-97.138042349207, 49.9002280531892)"
10635,Southbound Main at William (City Hall),47,55,785,"c(-97.139077168815, 49.8990303651542)"
10636,Southbound Main at McDermot,47,55,785,"c(-97.1390951696835, 49.8971147159191)"
10644,Northbound Fort at Graham North,60,55,785,"c(-97.139167196099, 49.8941565120558)"
10646,Northbound Fort at Portage,60,55,785,"c(-97.1394776584325, 49.8947731636061)"
10648,Southbound Garry at Portage North,60,55,785,"c(-97.1413016525729, 49.8947754787521)"
11028,Northbound Southwest Transitway at Harkness Station,47,55,785,"c(-97.1349015350505, 49.8809191335515)"
11030,Northbound Southwest Transitway at Osborne Station,47,55,785,"c(-97.1407239809596, 49.8735739001523)"
11031,Southbound Southwest Transitway at Fort Rouge Station,47,55,785,"c(-97.1457723432188, 49.8624110649618)"
11032,Northbound Southwest Transitway at Fort Rouge Station,47,55,785,"c(-97.14509636033, 49.8629849125128)"
40189,Westbound Regent at Stapon East,47,55,785,"c(-97.0618358485511, 49.8971961781537)"
40195,Westbound Regent at Stapon,47,55,785,"c(-97.0641036460439, 49.8975939324106)"
40209,Westbound Regent at Panet East,47,55,785,"c(-97.0710442812658, 49.8988431840599)"
40229,Westbound Nairn at Panet West,47,55,785,"c(-97.0731734300268, 49.8992294535)"
40262,Westbound Nairn at Keenleyside,47,55,785,"c(-97.0797416483733, 49.9004000189353)"
40286,Westbound Nairn at Kent,47,55,785,"c(-97.0843603293786, 49.9012231355521)"
40314,Westbound Nairn at Chester,47,55,785,"c(-97.0883842781984, 49.9019462960554)"
40336,Westbound Nairn at Grey,47,55,785,"c(-97.0954657343122, 49.9031874018748)"
40448,Westbound Nairn at Watt,47,55,785,"c(-97.1049531263624, 49.9048812529663)"
40471,Westbound Nairn at Allan,47,55,785,"c(-97.1084662351948, 49.9055053958934)"
40756,Westbound Nairn at Stapleton,47,55,785,"c(-97.0756498129319, 49.8996394467124)"
40790,Westbound Regent at Lagimodiere,47,55,785,"c(-97.0668827827264, 49.8980901335304)"
60115,Southbound Pembina at Bison North,60,55,785,"c(-97.1569426629228, 49.803239854575)"
60144,Southbound Pembina at Plaza,47,55,785,"c(-97.1529857805182, 49.8221204886533)"
60148,Southbound Pembina at Adamar,47,55,785,"c(-97.1530689881206, 49.8243166234682)"
60150,Southbound Pembina at Adamar North,47,55,785,"c(-97.1528299364162, 49.8254821717335)"
60248,Southbound Pembina at Southwood,60,55,785,"c(-97.153569303934, 49.8429444533729)"
60249,Southbound Pembina at North Drive,60,55,785,"c(-97.1533549907868, 49.8456485529017)"
60257,Northbound Pembina at Calrossie,47,55,785,"c(-97.1525115012983, 49.8495299587968)"
60260,Northbound Pembina at Merriam,47,55,785,"c(-97.1522153114121, 49.8507305700258)"
61215,Eastbound Southpark at Southpark Station,BLUE,55,785,"c(-97.1539507092161, 49.810649120439)"
10073,Northbound Pembina at Daly,60,54,800,"c(-97.1455277955284, 49.8684338351108)"
10076,Northbound Pembina at Scotland,60,54,800,"c(-97.1466533445161, 49.8659332479856)"
10077,Northbound Pembina at Grant,60,54,800,"c(-97.1472976471094, 49.8643694281962)"
10080,Northbound Pembina at Arbuthnot,60,54,800,"c(-97.1483100085065, 49.8626405873967)"
10082,Northbound Pembina at Jackson,60,54,800,"c(-97.1501355412721, 49.8596564335695)"
10083,Northbound Pembina at Taylor,60,54,800,"c(-97.1508938084818, 49.8583822564983)"
10085,Northbound Pembina at Stafford,60,54,800,"c(-97.1519802370413, 49.8565286354682)"
10595,Northbound Osborne at Assiniboine,60,54,800,"c(-97.1484559639911, 49.8832055927248)"
10596,Northbound Osborne at Broadway (Legislature),60,54,800,"c(-97.1494797663111, 49.885191874855)"
10607,Northbound Osborne at York,60,54,800,"c(-97.1497621052123, 49.8872742385423)"
10703,Northbound Vaughan at St. Mary,60,54,800,"c(-97.1482072939068, 49.8889764214999)"
10704,Northbound Vaughan at Graham (The Bay),60,54,800,"c(-97.1489874585091, 49.8904191070029)"
11034,Northbound Southwest Transitway at Jubilee Station,47,54,800,"c(-97.1496854327938, 49.8561411638201)"
11049,Northbound Southwest Transitway at Jubilee Overpass,47,54,800,"c(-97.150168653543, 49.8540530373511)"
40417,Southbound Henderson at Slater,11,54,800,"c(-97.0885597067226, 49.9429485283002)"
40418,Southbound Henderson at Edison,11,54,800,"c(-97.0897116717359, 49.9416632645097)"
60116,Northbound Pembina at Chancellor Matheson North,60,54,800,"c(-97.1565995209301, 49.8031264464806)"
60119,Eastbound Victoria Hospital at Victoria Hospital,60,54,800,"c(-97.1535354388635, 49.8065856908867)"
60120,Northbound Pembina at Dartmouth,60,54,800,"c(-97.1550856115542, 49.8060257352)"
60121,Northbound Pembina at Markham,60,54,800,"c(-97.1539444477614, 49.8082563164936)"
60126,Northbound Pembina at Southpark,60,54,800,"c(-97.1526550189273, 49.8107273875891)"
60127,Northbound Pembina at Chancellor,60,54,800,"c(-97.1513800334575, 49.8164639041935)"
60129,Northbound Pembina at Thatcher,60,54,800,"c(-97.1519482512225, 49.8132257416269)"
60132,Northbound Pembina at Thatcher North,60,54,800,"c(-97.1516108074888, 49.8147855031504)"
60140,Northbound Pembina at University Crescent,60,54,800,"c(-97.1516838653448, 49.8176111380037)"
60141,Northbound University at Pembina,47,54,800,"c(-97.1514965869536, 49.8181478534776)"
60146,Northbound Pembina at Plaza,47,54,800,"c(-97.1525734365335, 49.8227255737681)"
60147,Northbound Pembina at Adamar,47,54,800,"c(-97.1526491832392, 49.8240220788382)"
60149,Northbound Pembina at Adamar North,47,54,800,"c(-97.1523051694999, 49.8257526421566)"
60152,Northbound Pembina at Manahan South,47,54,800,"c(-97.1518079648562, 49.8282183560642)"
60153,Northbound Pembina at Manahan,47,54,800,"c(-97.1515278554715, 49.8293652551995)"
60156,Northbound Pembina at Chevrier,47,54,800,"c(-97.1507522720706, 49.8318355116396)"
60237,Northbound Pembina at Finch,47,54,800,"c(-97.1500426679804, 49.8343967680078)"
60240,Northbound Pembina at Fletcher,47,54,800,"c(-97.1504980998772, 49.836311007714)"
60240,Northbound Pembina at Fletcher,60,54,800,"c(-97.1504980998772, 49.836311007714)"
60242,Northbound Pembina at Waller,47,54,800,"c(-97.1517659782917, 49.8395335158423)"
60242,Northbound Pembina at Waller,60,54,800,"c(-97.1517659782917, 49.8395335158423)"
60245,Northbound Pembina at Oakenwald,47,54,800,"c(-97.1531301915807, 49.8413273268279)"
60245,Northbound Pembina at Oakenwald,60,54,800,"c(-97.1531301915807, 49.8413273268279)"
60247,Northbound Pembina at Riverwood,47,54,800,"c(-97.1531510505482, 49.8426049615173)"
60247,Northbound Pembina at Riverwood,60,54,800,"c(-97.1531510505482, 49.8426049615173)"
60250,Northbound Pembina at North Drive,47,54,800,"c(-97.1529123393764, 49.845218720333)"
60250,Northbound Pembina at North Drive,60,54,800,"c(-97.1529123393764, 49.845218720333)"
60253,Northbound Pembina at Point Road,47,54,800,"c(-97.1526524990405, 49.8480210370283)"
60253,Northbound Pembina at Point Road,60,54,800,"c(-97.1526524990405, 49.8480210370283)"
60257,Northbound Pembina at Calrossie,60,54,800,"c(-97.1525115012983, 49.8495299587968)"
60260,Northbound Pembina at Merriam,60,54,800,"c(-97.1522153114121, 49.8507305700258)"
40391,Northbound Henderson at Slater,11,53,815,"c(-97.0879504311634, 49.9431993236663)"
40392,Northbound Henderson at Sutton,11,53,815,"c(-97.0870594417039, 49.9442280268881)"
60097,Westbound Chancellor Matheson at Pembina,60,53,815,"c(-97.1559206451178, 49.8019732462503)"
60103,Northbound University at Chancellor Matheson,47,53,815,"c(-97.1396007948524, 49.807154046856)"
60103,Northbound University at Chancellor Matheson,BLUE,53,815,"c(-97.1396007948524, 49.807154046856)"
60105,Westbound Dafoe at Agriculture,47,53,815,"c(-97.1365298668843, 49.8067718075252)"
60105,Westbound Dafoe at Agriculture,60,53,815,"c(-97.1365298668843, 49.8067718075252)"
60105,Westbound Dafoe at Agriculture,BLUE,53,815,"c(-97.1365298668843, 49.8067718075252)"
60108,Northbound University at Dysart,47,53,815,"c(-97.1416167958128, 49.8096780986274)"
60109,Northbound University at Markham,47,53,815,"c(-97.1454885501983, 49.8120249834565)"
60111,Northbound University at Thatcher,47,53,815,"c(-97.1471539350615, 49.8153708657971)"
60114,Northbound University at Wedgewood,47,53,815,"c(-97.1494406408817, 49.8173773916276)"
60146,Northbound Pembina at Plaza,60,53,815,"c(-97.1525734365335, 49.8227255737681)"
60147,Northbound Pembina at Adamar,60,53,815,"c(-97.1526491832392, 49.8240220788382)"
60149,Northbound Pembina at Adamar North,60,53,815,"c(-97.1523051694999, 49.8257526421566)"
60152,Northbound Pembina at Manahan South,60,53,815,"c(-97.1518079648562, 49.8282183560642)"
60153,Northbound Pembina at Manahan,60,53,815,"c(-97.1515278554715, 49.8293652551995)"
60156,Northbound Pembina at Chevrier,60,53,815,"c(-97.1507522720706, 49.8318355116396)"
60237,Northbound Pembina at Finch,60,53,815,"c(-97.1500426679804, 49.8343967680078)"
60674,"Westbound Dafoe at U of M Station (36, 47, 60)",47,53,815,"c(-97.1303752534402, 49.8088673346328)"
60674,"Westbound Dafoe at U of M Station (36, 47, 60)",60,53,815,"c(-97.1303752534402, 49.8088673346328)"
60675,Westbound Dafoe at U of M Station (BLUE),BLUE,53,815,"c(-97.1314295402329, 49.8085605407252)"
61117,Westbound Dafoe at University,60,53,815,"c(-97.1396417020582, 49.8057244766533)"
61118,Westbound Dafoe at RH Way,60,53,815,"c(-97.1428537298955, 49.8045977142249)"
61119,Westbound Innovation at Research,60,53,815,"c(-97.1471265477358, 49.8029841275126)"
61120,Northbound Research at Chancellor Matheson,60,53,815,"c(-97.1492125406011, 49.8033143540547)"
61214,Westbound Southpark at Southpark Station,BLUE,53,815,"c(-97.1546493961781, 49.8105523239493)"
61255,Westbound Bohemier at University Crescent,BLUE,53,815,"c(-97.1423971181861, 49.8096276631384)"
20202,Westbound Portage at Woodlands,21,51,847,"c(-97.2808480558642, 49.8799402415845)"
20231,Westbound Portage at Country Club,21,51,847,"c(-97.2833262808079, 49.8803188190656)"
20232,Westbound Portage at Greenway,21,51,847,"c(-97.2863442788684, 49.8807862875956)"
20233,Westbound Portage at School,21,51,847,"c(-97.2900389897226, 49.881407591562)"
20234,Westbound Portage at Vimy,21,51,847,"c(-97.2918255179313, 49.881667829654)"
20235,Westbound Portage at Parkhill,21,51,847,"c(-97.2940689825835, 49.8819977375451)"
20236,Westbound Portage at Muriel,21,50,864,"c(-97.2960617228583, 49.8823329071842)"
30219,Westbound Jefferson at McGregor,18,50,864,"c(-97.1325324752774, 49.9379632500564)"
30223,Westbound Jefferson at McKenzie,18,50,864,"c(-97.1350518131772, 49.9387684252804)"
30225,Westbound Jefferson at Parr,18,50,864,"c(-97.1373232952937, 49.9394975986204)"
30375,Northbound McPhillips at Leila,18,50,864,"c(-97.1479673498831, 49.9526840078484)"
30376,Eastbound Leila at McPhillips,18,50,864,"c(-97.145653185163, 49.9526829554462)"
30379,Southbound Garden City Terminal at Garden City Centre (18),18,50,864,"c(-97.1456006685535, 49.95187257032)"
30386,Northbound McPhillips at Kingsbury,18,50,864,"c(-97.1492930995632, 49.9511940533861)"
30397,Northbound McPhillips at Kingsbury South,18,50,864,"c(-97.151012821928, 49.9492426380751)"
30398,Northbound McPhillips at Stardust,18,50,864,"c(-97.1528054975143, 49.9472024115383)"
30399,Westbound Jefferson at McPhillips East,18,50,864,"c(-97.1545314603996, 49.945080139654)"
30401,Westbound Jefferson at Tulip,18,50,864,"c(-97.1509944046863, 49.9438993503761)"
30402,Westbound Jefferson at Airlies West,18,50,864,"c(-97.1476212307626, 49.9428110227914)"
30411,Westbound Jefferson at Airlies East,18,50,864,"c(-97.1459554231447, 49.9422716518704)"
30412,Westbound Jefferson at Sinclair,18,50,864,"c(-97.1432291975746, 49.9414004349541)"
30413,Westbound Jefferson at Teakwood,18,50,864,"c(-97.1403790963082, 49.9404911839525)"
30041,Westbound Jefferson at Main,18,49,882,"c(-97.120791783305, 49.9341753119328)"
30108,Westbound Jefferson at Aikins,18,49,882,"c(-97.1225120326755, 49.9347339220712)"
30139,Westbound Jefferson at Salter,18,49,882,"c(-97.1248795748724, 49.9354918850252)"
30185,Westbound Jefferson at Powers,18,49,882,"c(-97.127425810983, 49.9363156537624)"
30187,Westbound Jefferson at Andrews,18,49,882,"c(-97.1306055088348, 49.9373384887349)"
